{"tfjsVersion":"1.7.4","tmVersion":"2.4.10","packageVersion":"0.8.4-alpha2","packageName":"@teachablemachine/image","timeStamp":"2025-05-02T15:14:22.149Z","userMetadata":{},"modelName":"resources-1","labels":["army-camp-1","army-camp-10","army-camp-11","army-camp-12","army-camp-2","army-camp-3","army-camp-4","army-camp-5","army-camp-6","army-camp-7","army-camp-8","army-camp-9","builders-hut...","builders-hut...","builders-hut...","builders-hut...","builders-hut...","dark-elixir-...","dark-elixir-...","dark-elixir-...","dark-elixir-...","dark-elixir-...","dark-elixir-...","dark-elixir-...","dark-elixir-...","dark-elixir-...","dark-elixir-...","dark-elixir-...","dark-elixir-...","dark-elixir-...","dark-elixir-...","dark-elixir-...","dark-elixir-...","dark-elixir-...","dark-elixir-...","dark-elixir-...","dark-elixir-...","elixir-colle...","elixir-colle...","elixir-colle...","elixir-colle...","elixir-colle...","elixir-colle...","elixir-colle...","elixir-colle...","elixir-colle...","elixir-colle...","elixir-colle...","elixir-colle...","elixir-colle...","elixir-colle...","elixir-colle...","elixir-colle...","elixir-stora...","elixir-stora...","elixir-stora...","elixir-stora...","elixir-stora...","elixir-stora...","elixir-stora...","elixir-stora...","elixir-stora...","elixir-stora...","elixir-stora...","elixir-stora...","elixir-stora...","elixir-stora...","elixir-stora...","elixir-stora...","gold-mine-1","gold-mine-10","gold-mine-11","gold-mine-12","gold-mine-13","gold-mine-14","gold-mine-15","gold-mine-16","gold-mine-2","gold-mine-3","gold-mine-4","gold-mine-5","gold-mine-6","gold-mine-7","gold-mine-8","gold-mine-9","gold-storage...","gold-storage...","gold-storage...","gold-storage...","gold-storage...","gold-storage...","gold-storage...","gold-storage...","gold-storage...","gold-storage...","gold-storage...","gold-storage...","gold-storage...","gold-storage...","gold-storage...","gold-storage...","helper-hut-1","hero-hall-1","hero-hall-2","hero-hall-3","hero-hall-4","hero-hall-5","hero-hall-6","hero-hall-7","hero-hall-8","laboratory-1","laboratory-1...","laboratory-1...","laboratory-1...","laboratory-2","laboratory-3","laboratory-4","laboratory-5","laboratory-6","laboratory-7","laboratory-8","laboratory-9"],"imageSize":224}