{"tfjsVersion":"1.7.4","tmVersion":"2.4.10","packageVersion":"0.8.4-alpha2","packageName":"@teachablemachine/image","timeStamp":"2025-05-02T16:52:13.519Z","userMetadata":{},"modelName":"Defenses2","labels":["archer-tower-1","archer-tower-10","archer-tower-11","archer-tower-12","archer-tower-13","archer-tower-14","archer-tower-15","archer-tower-16","archer-tower-17","archer-tower-18","archer-tower-19","archer-tower-2","archer-tower-20","archer-tower-21","archer-tower-3","archer-tower-4","archer-tower-5","archer-tower-6","archer-tower-7","archer-tower-8","archer-tower-9","monolith-1","monolith-2","monolith-3","monolith-4","mortar-1","mortar-10","mortar-11","mortar-12","mortar-13","mortar-14","mortar-15","mortar-2","mortar-3","mortar-4","mortar-5","mortar-6","mortar-7","mortar-8","mortar-9","scattershot-1","scattershot-2","scattershot-3","scattershot-4","wizard-tower-1","wizard-tower-10","wizard-tower-11","wizard-tower-12","wizard-tower-13","wizard-tower-14","wizard-tower-15","wizard-tower-16","wizard-tower-17","wizard-tower-2","wizard-tower-3","wizard-tower-4","wizard-tower-5","wizard-tower-6","wizard-tower-7","wizard-tower-8","wizard-tower-9"],"imageSize":224}