[{"name":"Cannon","maxLevel":21,"levels":[{"level":1,"build_cost":250,"build_time":10,"th":1},{"level":2,"build_cost":1000,"build_time":60,"th":1},{"level":3,"build_cost":4000,"build_time":300,"th":2},{"level":4,"build_cost":16000,"build_time":2700,"th":3},{"level":5,"build_cost":50000,"build_time":3600,"th":4},{"level":6,"build_cost":100000,"build_time":7200,"th":5},{"level":7,"build_cost":150000,"build_time":14400,"th":6},{"level":8,"build_cost":240000,"build_time":21600,"th":7},{"level":9,"build_cost":360000,"build_time":28800,"th":8},{"level":10,"build_cost":500000,"build_time":14400,"th":8},{"level":11,"build_cost":800000,"build_time":43200,"th":9},{"level":12,"build_cost":900000,"build_time":50400,"th":10},{"level":13,"build_cost":1000000,"build_time":21600,"th":10},{"level":14,"build_cost":2000000,"build_time":64800,"th":11},{"level":15,"build_cost":1500000,"build_time":43200,"th":11},{"level":16,"build_cost":2500000,"build_time":86400,"th":12},{"level":17,"build_cost":1500000,"build_time":43200,"th":12},{"level":18,"build_cost":3500000,"build_time":172800,"th":13},{"level":19,"build_cost":2000000,"build_time":86400,"th":13},{"level":20,"build_cost":5000000,"build_time":259200,"th":14},{"level":21,"build_cost":6000000,"build_time":302400,"th":15}]},{"name":"Archer Tower","maxLevel":21,"levels":[{"level":1,"build_cost":1000,"build_time":30,"th":2},{"level":2,"build_cost":2000,"build_time":300,"th":2},{"level":3,"build_cost":5000,"build_time":2700,"th":3},{"level":4,"build_cost":20000,"build_time":10800,"th":4},{"level":5,"build_cost":80000,"build_time":14400,"th":5},{"level":6,"build_cost":150000,"build_time":7200,"th":5},{"level":7,"build_cost":300000,"build_time":21600,"th":6},{"level":8,"build_cost":480000,"build_time":28800,"th":7},{"level":9,"build_cost":580000,"build_time":36000,"th":8},{"level":10,"build_cost":760000,"build_time":21600,"th":8},{"level":11,"build_cost":1000000,"build_time":50400,"th":9},{"level":12,"build_cost":1100000,"build_time":57600,"th":10},{"level":13,"build_cost":1500000,"build_time":36000,"th":10},{"level":14,"build_cost":2200000,"build_time":72000,"th":11},{"level":15,"build_cost":2000000,"build_time":43200,"th":11},{"level":16,"build_cost":3000000,"build_time":129600,"th":12},{"level":17,"build_cost":2500000,"build_time":86400,"th":12},{"level":18,"build_cost":4000000,"build_time":216000,"th":13},{"level":19,"build_cost":3000000,"build_time":129600,"th":13},{"level":20,"build_cost":6000000,"build_time":302400,"th":14},{"level":21,"build_cost":8000000,"build_time":345600,"th":15}]},{"name":"Mortar","maxLevel":17,"levels":[{"level":1,"build_cost":5000,"build_time":7200,"th":3},{"level":2,"build_cost":25000,"build_time":10800,"th":4},{"level":3,"build_cost":100000,"build_time":14400,"th":5},{"level":4,"build_cost":200000,"build_time":21600,"th":6},{"level":5,"build_cost":300000,"build_time":43200,"th":7},{"level":6,"build_cost":560000,"build_time":64800,"th":8},{"level":7,"build_cost":1300000,"build_time":86400,"th":9},{"level":8,"build_cost":1900000,"build_time":129600,"th":10},{"level":9,"build_cost":2500000,"build_time":151200,"th":11},{"level":10,"build_cost":3000000,"build_time":86400,"th":11},{"level":11,"build_cost":4000000,"build_time":216000,"th":12},{"level":12,"build_cost":4500000,"build_time":129600,"th":12},{"level":13,"build_cost":5000000,"build_time":302400,"th":13},{"level":14,"build_cost":6500000,"build_time":345600,"th":14},{"level":15,"build_cost":8500000,"build_time":388800,"th":15},{"level":16,"build_cost":14600000,"build_time":864000,"th":16},{"level":17,"build_cost":19500000,"build_time":1252800,"th":17}]},{"name":"Air Defense","maxLevel":15,"levels":[{"level":1,"build_cost":22000,"build_time":5400,"th":4},{"level":2,"build_cost":90000,"build_time":7200,"th":4},{"level":3,"build_cost":270000,"build_time":36000,"th":5},{"level":4,"build_cost":500000,"build_time":57600,"th":6},{"level":5,"build_cost":800000,"build_time":86400,"th":7},{"level":6,"build_cost":1000000,"build_time":129600,"th":8},{"level":7,"build_cost":1750000,"build_time":172800,"th":9},{"level":8,"build_cost":2300000,"build_time":216000,"th":10},{"level":9,"build_cost":3400000,"build_time":259200,"th":11},{"level":10,"build_cost":5800000,"build_time":345600,"th":12},{"level":11,"build_cost":7500000,"build_time":388800,"th":13},{"level":12,"build_cost":8500000,"build_time":432000,"th":14},{"level":13,"build_cost":11500000,"build_time":518400,"th":15},{"level":14,"build_cost":15400000,"build_time":950400,"th":16},{"level":15,"build_cost":21000000,"build_time":1317600,"th":17}]},{"name":"Wizard Tower","maxLevel":17,"levels":[{"level":1,"build_cost":120000,"build_time":7200,"th":5},{"level":2,"build_cost":220000,"build_time":5400,"th":5},{"level":3,"build_cost":400000,"build_time":21600,"th":6},{"level":4,"build_cost":540000,"build_time":43200,"th":7},{"level":5,"build_cost":700000,"build_time":64800,"th":8},{"level":6,"build_cost":1000000,"build_time":43200,"th":8},{"level":7,"build_cost":1500000,"build_time":129600,"th":9},{"level":8,"build_cost":1600000,"build_time":151200,"th":10},{"level":9,"build_cost":2000000,"build_time":86400,"th":10},{"level":10,"build_cost":3000000,"build_time":216000,"th":11},{"level":11,"build_cost":4500000,"build_time":259200,"th":12},{"level":12,"build_cost":5000000,"build_time":302400,"th":13},{"level":13,"build_cost":4000000,"build_time":172800,"th":13},{"level":14,"build_cost":6500000,"build_time":388800,"th":14},{"level":15,"build_cost":9000000,"build_time":432000,"th":15},{"level":16,"build_cost":15100000,"build_time":907200,"th":16},{"level":17,"build_cost":20000000,"build_time":1274400,"th":17}]},{"name":"Air Sweeper","maxLevel":7,"levels":[{"level":1,"build_cost":400000,"build_time":21600,"th":6},{"level":2,"build_cost":600000,"build_time":28800,"th":6},{"level":3,"build_cost":900000,"build_time":43200,"th":7},{"level":4,"build_cost":1200000,"build_time":64800,"th":8},{"level":5,"build_cost":1800000,"build_time":86400,"th":9},{"level":6,"build_cost":1900000,"build_time":172800,"th":10},{"level":7,"build_cost":3400000,"build_time":259200,"th":11}]},{"name":"Hidden Tesla","maxLevel":16,"levels":[{"level":1,"build_cost":250000,"build_time":7200,"th":7},{"level":2,"build_cost":350000,"build_time":10800,"th":7},{"level":3,"build_cost":520000,"build_time":18000,"th":7},{"level":4,"build_cost":800000,"build_time":21600,"th":8},{"level":5,"build_cost":1000000,"build_time":43200,"th":8},{"level":6,"build_cost":1200000,"build_time":86400,"th":8},{"level":7,"build_cost":1500000,"build_time":129600,"th":9},{"level":8,"build_cost":1600000,"build_time":172800,"th":10},{"level":9,"build_cost":2500000,"build_time":259200,"th":11},{"level":10,"build_cost":5000000,"build_time":302400,"th":12},{"level":11,"build_cost":5500000,"build_time":345600,"th":13},{"level":12,"build_cost":4000000,"build_time":259200,"th":13},{"level":13,"build_cost":7000000,"build_time":432000,"th":14},{"level":14,"build_cost":10000000,"build_time":518400,"th":15},{"level":15,"build_cost":15500000,"build_time":907200,"th":16},{"level":16,"build_cost":20500000,"build_time":1296000,"th":17}]},{"name":"Bomb Tower","maxLevel":12,"levels":[{"level":1,"build_cost":700000,"build_time":64800,"th":8},{"level":2,"build_cost":1000000,"build_time":86400,"th":8},{"level":3,"build_cost":1600000,"build_time":129600,"th":9},{"level":4,"build_cost":2000000,"build_time":172800,"th":10},{"level":5,"build_cost":2800000,"build_time":216000,"th":11},{"level":6,"build_cost":3000000,"build_time":172800,"th":11},{"level":7,"build_cost":6000000,"build_time":345600,"th":12},{"level":8,"build_cost":7000000,"build_time":388800,"th":13},{"level":9,"build_cost":8000000,"build_time":432000,"th":14},{"level":10,"build_cost":10500000,"build_time":518400,"th":15},{"level":11,"build_cost":15300000,"build_time":950400,"th":16},{"level":12,"build_cost":20000000,"build_time":1296000,"th":17}]},{"name":"X-Bow","maxLevel":12,"levels":[{"level":1,"build_cost":1000000,"build_time":86400,"th":9},{"level":2,"build_cost":1600000,"build_time":108000,"th":9},{"level":3,"build_cost":2400000,"build_time":172800,"th":9},{"level":4,"build_cost":2500000,"build_time":259200,"th":10},{"level":5,"build_cost":3900000,"build_time":345600,"th":11},{"level":6,"build_cost":6000000,"build_time":432000,"th":12},{"level":7,"build_cost":7000000,"build_time":518400,"th":13},{"level":8,"build_cost":3000000,"build_time":345600,"th":13},{"level":9,"build_cost":9000000,"build_time":691200,"th":14},{"level":10,"build_cost":12000000,"build_time":777600,"th":15},{"level":11,"build_cost":15800000,"build_time":972000,"th":16},{"level":12,"build_cost":17}]},{"name":"Inferno Tower","maxLevel":10,"levels":[{"level":1,"build_cost":1500000,"build_time":172800,"th":10},{"level":2,"build_cost":2000000,"build_time":216000,"th":10},{"level":3,"build_cost":3000000,"build_time":259200,"th":10},{"level":4,"build_cost":3400000,"build_time":345600,"th":11},{"level":5,"build_cost":4200000,"build_time":432000,"th":11},{"level":6,"build_cost":6500000,"build_time":518400,"th":12},{"level":7,"build_cost":8000000,"build_time":604800,"th":13},{"level":8,"build_cost":11000000,"build_time":777600,"th":14},{"level":9,"build_cost":12500000,"build_time":864000,"th":15},{"level":10,"build_cost":16500000,"build_time":972000,"th":16}]},{"name":"Eagle Artillery","maxLevel":7,"levels":[{"level":1,"build_cost":5500000,"build_time":345600,"th":11},{"level":2,"build_cost":8000000,"build_time":432000,"th":11},{"level":3,"build_cost":10000000,"build_time":691200,"th":12},{"level":4,"build_cost":11000000,"build_time":777600,"th":13},{"level":5,"build_cost":13000000,"build_time":1036800,"th":14},{"level":6,"build_cost":14000000,"build_time":1080000,"th":15},{"level":7,"build_cost":17500000,"build_time":1123200,"th":16}]},{"name":"Scattershot","maxLevel":6,"levels":[{"level":1,"build_cost":8000000,"build_time":691200,"th":13},{"level":2,"build_cost":9000000,"build_time":777600,"th":13},{"level":3,"build_cost":12600000,"build_time":864000,"th":14},{"level":4,"build_cost":13000000,"build_time":950400,"th":15},{"level":5,"build_cost":17000000,"build_time":993600,"th":16},{"level":6,"build_cost":22500000,"build_time":1360800,"th":17}]},{"name":"Builder's Hut","maxLevel":6,"levels":[{"level":1,"build_cost":0,"build_time":0,"th":1},{"level":2,"build_cost":5500000,"build_time":345600,"th":14},{"level":3,"build_cost":7000000,"build_time":432000,"th":14},{"level":4,"build_cost":8500000,"build_time":518400,"th":14},{"level":5,"build_cost":11500000,"build_time":604800,"th":15},{"level":6,"build_cost":15500000,"build_time":950400,"th":16}]},{"name":"Spell Tower","maxLevel":3,"levels":[{"level":1,"build_cost":11000000,"build_time":777600,"th":15},{"level":2,"build_cost":12000000,"build_time":928800,"th":15},{"level":3,"build_cost":13000000,"build_time":950400,"th":15}]},{"name":"Monolith","maxLevel":3,"levels":[{"level":1,"build_cost":255000,"build_time":950400,"th":15},{"level":2,"build_cost":270000,"build_time":1036800,"th":15},{"level":3,"build_cost":280000,"build_time":1080000,"th":16}]},{"name":"Multi-Archer Tower","maxLevel":3,"levels":[{"level":1,"build_cost":16000000,"build_time":1036800,"th":16},{"level":2,"build_cost":18000000,"build_time":1123200,"th":16},{"level":3,"build_cost":23000000,"build_time":1339200,"th":17}]},{"name":"Ricochet Cannon","maxLevel":3,"levels":[{"level":1,"build_cost":16000000,"build_time":1036800,"th":16},{"level":2,"build_cost":18000000,"build_time":1123200,"th":16},{"level":3,"build_cost":23000000,"build_time":1339200,"th":17}]},{"name":"Multi-Gear Tower","maxLevel":2,"levels":[{"level":1,"build_cost":22500000,"build_time":1296000,"th":17},{"level":2,"build_cost":23000000,"build_time":1382400,"th":17}]},{"name":"Firespitter","maxLevel":2,"levels":[{"level":1,"build_cost":22500000,"build_time":1296000,"th":17},{"level":2,"build_cost":23000000,"build_time":1382400,"th":17}]}]