[{"id":"d_0","name":"Cannon","availableBuilding":[{"th":1,"n":2},{"th":2,"n":2},{"th":3,"n":2},{"th":4,"n":2},{"th":5,"n":3},{"th":6,"n":3},{"th":7,"n":5},{"th":8,"n":5},{"th":9,"n":5},{"th":10,"n":6},{"th":11,"n":7},{"th":12,"n":7},{"th":13,"n":7},{"th":14,"n":7},{"th":15,"n":7},{"th":16,"n":7},{"th":17,"n":7}]},{"id":"d_1","name":"Archer Tower","availableBuilding":[{"th":1,"n":0},{"th":2,"n":1},{"th":3,"n":1},{"th":4,"n":2},{"th":5,"n":3},{"th":6,"n":3},{"th":7,"n":4},{"th":8,"n":5},{"th":9,"n":6},{"th":10,"n":7},{"th":11,"n":8},{"th":12,"n":8},{"th":13,"n":8},{"th":14,"n":8},{"th":15,"n":8},{"th":16,"n":8},{"th":17,"n":9}]},{"id":"d_2","name":"Mortar","availableBuilding":[{"th":1,"n":0},{"th":2,"n":0},{"th":3,"n":1},{"th":4,"n":1},{"th":5,"n":1},{"th":6,"n":2},{"th":7,"n":3},{"th":8,"n":4},{"th":9,"n":4},{"th":10,"n":4},{"th":11,"n":4},{"th":12,"n":4},{"th":13,"n":4},{"th":14,"n":4},{"th":15,"n":4},{"th":16,"n":4},{"th":17,"n":4}]},{"id":"d_3","name":"Air Defense","availableBuilding":[{"th":1,"n":0},{"th":2,"n":0},{"th":3,"n":0},{"th":4,"n":1},{"th":5,"n":1},{"th":6,"n":2},{"th":7,"n":3},{"th":8,"n":3},{"th":9,"n":4},{"th":10,"n":4},{"th":11,"n":4},{"th":12,"n":4},{"th":13,"n":4},{"th":14,"n":4},{"th":15,"n":4},{"th":16,"n":4},{"th":17,"n":4},{"th":1,"n":4},{"th":2,"n":4},{"th":3,"n":4},{"th":4,"n":4},{"th":5,"n":4},{"th":6,"n":4},{"th":7,"n":4},{"th":8,"n":4},{"th":9,"n":4},{"th":10,"n":4},{"th":null,"n":4},{"th":1,"n":4},{"th":2,"n":6},{"th":3,"n":7},{"th":4,"n":7},{"th":5,"n":3}]},{"id":"d_4","name":"Wizard Tower","availableBuilding":[{"th":1,"n":0},{"th":2,"n":0},{"th":3,"n":0},{"th":4,"n":0},{"th":5,"n":1},{"th":6,"n":2},{"th":7,"n":2},{"th":8,"n":3},{"th":9,"n":4},{"th":10,"n":4},{"th":11,"n":5},{"th":12,"n":5},{"th":13,"n":5},{"th":14,"n":5},{"th":15,"n":5},{"th":16,"n":5},{"th":17,"n":5}]},{"id":"d_5","name":"Air Sweeper","availableBuilding":[{"th":1,"n":0},{"th":2,"n":0},{"th":3,"n":0},{"th":4,"n":0},{"th":5,"n":0},{"th":6,"n":1},{"th":7,"n":1},{"th":8,"n":1},{"th":9,"n":2},{"th":10,"n":2},{"th":11,"n":2},{"th":12,"n":2},{"th":13,"n":2},{"th":14,"n":2},{"th":15,"n":2},{"th":16,"n":2},{"th":17,"n":2}]},{"id":"d_6","name":"Hidden Tesla","availableBuilding":[{"th":1,"n":0},{"th":2,"n":0},{"th":3,"n":0},{"th":4,"n":0},{"th":5,"n":0},{"th":6,"n":0},{"th":7,"n":2},{"th":8,"n":3},{"th":9,"n":4},{"th":10,"n":4},{"th":11,"n":4},{"th":12,"n":5},{"th":13,"n":5},{"th":14,"n":5},{"th":15,"n":5},{"th":16,"n":5},{"th":17,"n":5}]},{"id":"d_7","name":"Bomb Tower","availableBuilding":[{"th":1,"n":0},{"th":2,"n":0},{"th":3,"n":0},{"th":4,"n":0},{"th":5,"n":0},{"th":6,"n":0},{"th":7,"n":0},{"th":8,"n":1},{"th":9,"n":1},{"th":10,"n":2},{"th":11,"n":2},{"th":12,"n":2},{"th":13,"n":2},{"th":14,"n":2},{"th":15,"n":2},{"th":16,"n":2},{"th":17,"n":2},{"th":1,"n":0},{"th":2,"n":1},{"th":3,"n":2},{"th":4,"n":2},{"th":5,"n":2},{"th":6,"n":2},{"th":7,"n":2},{"th":8,"n":2},{"th":9,"n":2},{"th":10,"n":2},{"th":null,"n":2},{"th":1,"n":3},{"th":2,"n":3},{"th":3,"n":4},{"th":4,"n":4},{"th":5,"n":2}]},{"id":"d_8","name":"X-Bow","availableBuilding":[{"th":1,"n":0},{"th":2,"n":0},{"th":3,"n":0},{"th":4,"n":0},{"th":5,"n":0},{"th":6,"n":0},{"th":7,"n":0},{"th":8,"n":0},{"th":9,"n":2},{"th":10,"n":3},{"th":11,"n":4},{"th":12,"n":4},{"th":13,"n":4},{"th":14,"n":4},{"th":15,"n":4},{"th":16,"n":4},{"th":17,"n":4}]},{"id":"d_9","name":"Inferno Tower","availableBuilding":[{"th":1,"n":0},{"th":2,"n":0},{"th":3,"n":0},{"th":4,"n":0},{"th":5,"n":0},{"th":6,"n":0},{"th":7,"n":0},{"th":8,"n":0},{"th":9,"n":0},{"th":10,"n":2},{"th":11,"n":2},{"th":12,"n":3},{"th":13,"n":3},{"th":14,"n":3},{"th":15,"n":3},{"th":16,"n":3},{"th":17,"n":3}]},{"id":"d_10","name":"Eagle Artillery","availableBuilding":[{"th":1,"n":0},{"th":2,"n":0},{"th":3,"n":0},{"th":4,"n":0},{"th":5,"n":0},{"th":6,"n":0},{"th":7,"n":0},{"th":8,"n":0},{"th":9,"n":0},{"th":10,"n":0},{"th":11,"n":1},{"th":12,"n":1},{"th":13,"n":1},{"th":14,"n":1},{"th":15,"n":1},{"th":16,"n":1},{"th":17,"n":0}]},{"id":"d_11","name":"Scattershot","availableBuilding":[{"th":1,"n":0},{"th":2,"n":0},{"th":3,"n":0},{"th":4,"n":0},{"th":5,"n":0},{"th":6,"n":0},{"th":7,"n":0},{"th":8,"n":0},{"th":9,"n":0},{"th":10,"n":0},{"th":11,"n":0},{"th":12,"n":0},{"th":13,"n":2},{"th":14,"n":2},{"th":15,"n":2},{"th":16,"n":2},{"th":17,"n":2}]},{"id":"d_12","name":"Builder's Hut","availableBuilding":[{"th":1,"n":5},{"th":2,"n":5},{"th":3,"n":5},{"th":4,"n":5},{"th":5,"n":5},{"th":6,"n":5},{"th":7,"n":5},{"th":8,"n":5},{"th":9,"n":5},{"th":10,"n":5},{"th":11,"n":5},{"th":12,"n":5},{"th":13,"n":5},{"th":14,"n":5},{"th":15,"n":5},{"th":16,"n":5},{"th":17,"n":5}]},{"id":"d_13","name":"Spell Tower","availableBuilding":[{"th":1,"n":0},{"th":2,"n":0},{"th":3,"n":0},{"th":4,"n":0},{"th":5,"n":0},{"th":6,"n":0},{"th":7,"n":0},{"th":8,"n":0},{"th":9,"n":0},{"th":10,"n":0},{"th":11,"n":0},{"th":12,"n":0},{"th":13,"n":0},{"th":14,"n":0},{"th":15,"n":2},{"th":16,"n":2},{"th":17,"n":2}]},{"id":"d_14","name":"Monolith","availableBuilding":[{"th":1,"n":0},{"th":2,"n":0},{"th":3,"n":0},{"th":4,"n":0},{"th":5,"n":0},{"th":6,"n":0},{"th":7,"n":0},{"th":8,"n":0},{"th":9,"n":0},{"th":10,"n":0},{"th":11,"n":0},{"th":12,"n":0},{"th":13,"n":0},{"th":14,"n":0},{"th":15,"n":1},{"th":16,"n":1},{"th":17,"n":1}]},{"id":"d_15","name":"Multi-Archer Tower","availableBuilding":[{"th":1,"n":0},{"th":2,"n":0},{"th":3,"n":0},{"th":4,"n":0},{"th":5,"n":0},{"th":6,"n":0},{"th":7,"n":0},{"th":8,"n":0},{"th":9,"n":0},{"th":10,"n":0},{"th":11,"n":0},{"th":12,"n":0},{"th":13,"n":0},{"th":14,"n":0},{"th":15,"n":0},{"th":16,"n":2},{"th":17,"n":3}]},{"id":"d_16","name":"Ricochet Cannon","availableBuilding":[{"th":1,"n":0},{"th":2,"n":0},{"th":3,"n":0},{"th":4,"n":0},{"th":5,"n":0},{"th":6,"n":0},{"th":7,"n":0},{"th":8,"n":0},{"th":9,"n":0},{"th":10,"n":0},{"th":11,"n":0},{"th":12,"n":0},{"th":13,"n":0},{"th":14,"n":0},{"th":15,"n":0},{"th":16,"n":2},{"th":17,"n":3}]},{"id":"d_17","name":"Multi-Gear Tower","availableBuilding":[{"th":1,"n":0},{"th":2,"n":0},{"th":3,"n":0},{"th":4,"n":0},{"th":5,"n":0},{"th":6,"n":0},{"th":7,"n":0},{"th":8,"n":0},{"th":9,"n":0},{"th":10,"n":0},{"th":11,"n":0},{"th":12,"n":0},{"th":13,"n":0},{"th":14,"n":0},{"th":15,"n":0},{"th":16,"n":0},{"th":17,"n":1}]},{"id":"d_18","name":"Firespitter","availableBuilding":[{"th":1,"n":0},{"th":2,"n":0},{"th":3,"n":0},{"th":4,"n":0},{"th":5,"n":0},{"th":6,"n":0},{"th":7,"n":0},{"th":8,"n":0},{"th":9,"n":0},{"th":10,"n":0},{"th":11,"n":0},{"th":12,"n":0},{"th":13,"n":0},{"th":14,"n":0},{"th":15,"n":0},{"th":16,"n":0},{"th":17,"n":2}]}]