[
  {
    "name": "Cannon",
    "maxLv": 21,
    "lvls": [
      {
        "lv": 1,
        "cost": 250,
        "time": 5,
        "th": 1,
        "n": 2
      },
      {
        "lv": 2,
        "cost": 1000,
        "time": 30,
        "th": 1,
        "n": 2
      },
      {
        "lv": 3,
        "cost": 4000,
        "time": 120,
        "th": 2,
        "n": 2
      },
      {
        "lv": 4,
        "cost": 16000,
        "time": 1200,
        "th": 3,
        "n": 2
      },
      {
        "lv": 5,
        "cost": 50000,
        "time": 1800,
        "th": 4,
        "n": 2
      },
      {
        "lv": 6,
        "cost": 60000,
        "time": 3600,
        "th": 5,
        "n": 3
      },
      {
        "lv": 7,
        "cost": 100000,
        "time": 7200,
        "th": 6,
        "n": 3
      },
      {
        "lv": 8,
        "cost": 160000,
        "time": 10800,
        "th": 7,
        "n": 5
      },
      {
        "lv": 9,
        "cost": 250000,
        "time": 12600,
        "th": 8,
        "n": 5
      },
      {
        "lv": 10,
        "cost": 330000,
        "time": 14400,
        "th": 8,
        "n": 5
      },
      {
        "lv": 11,
        "cost": 500000,
        "time": 16200,
        "th": 9,
        "n": 5
      },
      {
        "lv": 12,
        "cost": 600000,
        "time": 18000,
        "th": 10,
        "n": 6
      },
      {
        "lv": 13,
        "cost": 660000,
        "time": 21600,
        "th": 10,
        "n": 6
      },
      {
        "lv": 14,
        "cost": 1000000,
        "time": 28800,
        "th": 11,
        "n": 7
      },
      {
        "lv": 15,
        "cost": 1200000,
        "time": 36000,
        "th": 11,
        "n": 7
      },
      {
        "lv": 16,
        "cost": 1300000,
        "time": 39600,
        "th": 12,
        "n": 7
      },
      {
        "lv": 17,
        "cost": 1500000,
        "time": 43200,
        "th": 12,
        "n": 7
      },
      {
        "lv": 18,
        "cost": 1800000,
        "time": 72000,
        "th": 13,
        "n": 7
      },
      {
        "lv": 19,
        "cost": 2000000,
        "time": 86400,
        "th": 13,
        "n": 7
      },
      {
        "lv": 20,
        "cost": 2600000,
        "time": 129600,
        "th": 14,
        "n": 7
      },
      {
        "lv": 21,
        "cost": 3000000,
        "time": 172800,
        "th": 15,
        "n": 7
      }
    ]
  },
  {
    "name": "Archer Tower",
    "maxLv": 21,
    "lvls": [
      {
        "lv": 1,
        "cost": 1000,
        "time": 15,
        "th": 2,
        "n": 1
      },
      {
        "lv": 2,
        "cost": 2000,
        "time": 120,
        "th": 2,
        "n": 1
      },
      {
        "lv": 3,
        "cost": 5000,
        "time": 1200,
        "th": 3,
        "n": 1
      },
      {
        "lv": 4,
        "cost": 20000,
        "time": 3600,
        "th": 4,
        "n": 2
      },
      {
        "lv": 5,
        "cost": 70000,
        "time": 5400,
        "th": 5,
        "n": 3
      },
      {
        "lv": 6,
        "cost": 80000,
        "time": 7200,
        "th": 5,
        "n": 3
      },
      {
        "lv": 7,
        "cost": 150000,
        "time": 10800,
        "th": 6,
        "n": 3
      },
      {
        "lv": 8,
        "cost": 200000,
        "time": 14400,
        "th": 7,
        "n": 4
      },
      {
        "lv": 9,
        "cost": 400000,
        "time": 18000,
        "th": 8,
        "n": 5
      },
      {
        "lv": 10,
        "cost": 460000,
        "time": 21600,
        "th": 8,
        "n": 5
      },
      {
        "lv": 11,
        "cost": 600000,
        "time": 25200,
        "th": 9,
        "n": 6
      },
      {
        "lv": 12,
        "cost": 700000,
        "time": 28800,
        "th": 10,
        "n": 7
      },
      {
        "lv": 13,
        "cost": 1000000,
        "time": 36000,
        "th": 10,
        "n": 7
      },
      {
        "lv": 14,
        "cost": 1100000,
        "time": 39600,
        "th": 11,
        "n": 8
      },
      {
        "lv": 15,
        "cost": 1300000,
        "time": 43200,
        "th": 11,
        "n": 8
      },
      {
        "lv": 16,
        "cost": 1600000,
        "time": 72000,
        "th": 12,
        "n": 8
      },
      {
        "lv": 17,
        "cost": 1800000,
        "time": 86400,
        "th": 12,
        "n": 8
      },
      {
        "lv": 18,
        "cost": 2000000,
        "time": 108000,
        "th": 13,
        "n": 8
      },
      {
        "lv": 19,
        "cost": 2200000,
        "time": 129600,
        "th": 13,
        "n": 8
      },
      {
        "lv": 20,
        "cost": 3000000,
        "time": 172800,
        "th": 14,
        "n": 8
      },
      {
        "lv": 21,
        "cost": 4000000,
        "time": 259200,
        "th": 15,
        "n": 8
      }
    ]
  },
  {
    "name": "Mortar",
    "maxLv": 17,
    "lvls": [
      {
        "lv": 1,
        "cost": 5000,
        "time": 1800,
        "th": 3,
        "n": 1
      },
      {
        "lv": 2,
        "cost": 25000,
        "time": 3600,
        "th": 4,
        "n": 1
      },
      {
        "lv": 3,
        "cost": 90000,
        "time": 7200,
        "th": 5,
        "n": 1
      },
      {
        "lv": 4,
        "cost": 180000,
        "time": 10800,
        "th": 6,
        "n": 2
      },
      {
        "lv": 5,
        "cost": 300000,
        "time": 21600,
        "th": 7,
        "n": 3
      },
      {
        "lv": 6,
        "cost": 500000,
        "time": 28800,
        "th": 8,
        "n": 4
      },
      {
        "lv": 7,
        "cost": 900000,
        "time": 43200,
        "th": 9,
        "n": 4
      },
      {
        "lv": 8,
        "cost": 1200000,
        "time": 64800,
        "th": 10,
        "n": 4
      },
      {
        "lv": 9,
        "cost": 1600000,
        "time": 72000,
        "th": 11,
        "n": 4
      },
      {
        "lv": 10,
        "cost": 1800000,
        "time": 86400,
        "th": 11,
        "n": 4
      },
      {
        "lv": 11,
        "cost": 2300000,
        "time": 108000,
        "th": 12,
        "n": 4
      },
      {
        "lv": 12,
        "cost": 2400000,
        "time": 129600,
        "th": 12,
        "n": 4
      },
      {
        "lv": 13,
        "cost": 2800000,
        "time": 172800,
        "th": 13,
        "n": 4
      },
      {
        "lv": 14,
        "cost": 4300000,
        "time": 216000,
        "th": 14,
        "n": 4
      },
      {
        "lv": 15,
        "cost": 5000000,
        "time": 302400,
        "th": 15,
        "n": 4
      },
      {
        "lv": 16,
        "cost": 7000000,
        "time": 432000,
        "th": 16,
        "n": 4
      },
      {
        "lv": 17,
        "cost": 19500000,
        "time": 1252800,
        "th": 17,
        "n": 4
      }
    ]
  },
  {
    "name": "Air Defense",
    "maxLv": 15,
    "lvls": [
      {
        "lv": 1,
        "cost": 22000,
        "time": 3600,
        "th": 4,
        "n": 1
      },
      {
        "lv": 2,
        "cost": 90000,
        "time": 7200,
        "th": 4,
        "n": 1
      },
      {
        "lv": 3,
        "cost": 210000,
        "time": 21600,
        "th": 5,
        "n": 1
      },
      {
        "lv": 4,
        "cost": 500000,
        "time": 43200,
        "th": 6,
        "n": 2
      },
      {
        "lv": 5,
        "cost": 800000,
        "time": 64800,
        "th": 7,
        "n": 3
      },
      {
        "lv": 6,
        "cost": 1000000,
        "time": 86400,
        "th": 8,
        "n": 3
      },
      {
        "lv": 7,
        "cost": 1750000,
        "time": 172800,
        "th": 9,
        "n": 4
      },
      {
        "lv": 8,
        "cost": 2300000,
        "time": 216000,
        "th": 10,
        "n": 4
      },
      {
        "lv": 9,
        "cost": 3400000,
        "time": 259200,
        "th": 11,
        "n": 4
      },
      {
        "lv": 10,
        "cost": 5000000,
        "time": 345600,
        "th": 12,
        "n": 4
      },
      {
        "lv": 11,
        "cost": 5600000,
        "time": 388800,
        "th": 13,
        "n": 4
      },
      {
        "lv": 12,
        "cost": 6500000,
        "time": 432000,
        "th": 14,
        "n": 4
      },
      {
        "lv": 13,
        "cost": 8000000,
        "time": 518400,
        "th": 15,
        "n": 4
      },
      {
        "lv": 14,
        "cost": 9000000,
        "time": 604800,
        "th": 16,
        "n": 4
      },
      {
        "lv": 15,
        "cost": 21000000,
        "time": 1317600,
        "th": 17,
        "n": 4
      }
    ]
  },
  {
    "name": "Wizard Tower",
    "maxLv": 17,
    "lvls": [
      {
        "lv": 1,
        "cost": 100000,
        "time": 3600,
        "th": 5,
        "n": 1
      },
      {
        "lv": 2,
        "cost": 150000,
        "time": 5400,
        "th": 5,
        "n": 1
      },
      {
        "lv": 3,
        "cost": 250000,
        "time": 14400,
        "th": 6,
        "n": 2
      },
      {
        "lv": 4,
        "cost": 400000,
        "time": 28800,
        "th": 7,
        "n": 2
      },
      {
        "lv": 5,
        "cost": 550000,
        "time": 36000,
        "th": 8,
        "n": 3
      },
      {
        "lv": 6,
        "cost": 660000,
        "time": 43200,
        "th": 8,
        "n": 3
      },
      {
        "lv": 7,
        "cost": 1000000,
        "time": 64800,
        "th": 9,
        "n": 4
      },
      {
        "lv": 8,
        "cost": 1100000,
        "time": 72000,
        "th": 10,
        "n": 4
      },
      {
        "lv": 9,
        "cost": 1300000,
        "time": 86400,
        "th": 10,
        "n": 4
      },
      {
        "lv": 10,
        "cost": 2000000,
        "time": 108000,
        "th": 11,
        "n": 5
      },
      {
        "lv": 11,
        "cost": 2500000,
        "time": 129600,
        "th": 12,
        "n": 5
      },
      {
        "lv": 12,
        "cost": 2600000,
        "time": 151200,
        "th": 13,
        "n": 5
      },
      {
        "lv": 13,
        "cost": 3000000,
        "time": 172800,
        "th": 13,
        "n": 5
      },
      {
        "lv": 14,
        "cost": 4500000,
        "time": 259200,
        "th": 14,
        "n": 5
      },
      {
        "lv": 15,
        "cost": 5500000,
        "time": 345600,
        "th": 15,
        "n": 5
      },
      {
        "lv": 16,
        "cost": 8000000,
        "time": 475200,
        "th": 16,
        "n": 5
      },
      {
        "lv": 17,
        "cost": 20000000,
        "time": 1274400,
        "th": 17,
        "n": 5
      }
    ]
  },
  {
    "name": "Air Sweeper",
    "maxLv": 7,
    "lvls": [
      {
        "lv": 1,
        "cost": 200000,
        "time": 14400,
        "th": 6,
        "n": 1
      },
      {
        "lv": 2,
        "cost": 300000,
        "time": 21600,
        "th": 6,
        "n": 1
      },
      {
        "lv": 3,
        "cost": 450000,
        "time": 28800,
        "th": 7,
        "n": 1
      },
      {
        "lv": 4,
        "cost": 800000,
        "time": 43200,
        "th": 8,
        "n": 1
      },
      {
        "lv": 5,
        "cost": 1200000,
        "time": 86400,
        "th": 9,
        "n": 2
      },
      {
        "lv": 6,
        "cost": 1900000,
        "time": 172800,
        "th": 10,
        "n": 2
      },
      {
        "lv": 7,
        "cost": 3400000,
        "time": 259200,
        "th": 11,
        "n": 2
      }
    ]
  },
  {
    "name": "Hidden Tesla",
    "maxLv": 16,
    "lvls": [
      {
        "lv": 1,
        "cost": 250000,
        "time": 7200,
        "th": 7,
        "n": 2
      },
      {
        "lv": 2,
        "cost": 350000,
        "time": 10800,
        "th": 7,
        "n": 2
      },
      {
        "lv": 3,
        "cost": 500000,
        "time": 14400,
        "th": 7,
        "n": 2
      },
      {
        "lv": 4,
        "cost": 600000,
        "time": 21600,
        "th": 8,
        "n": 3
      },
      {
        "lv": 5,
        "cost": 800000,
        "time": 43200,
        "th": 8,
        "n": 3
      },
      {
        "lv": 6,
        "cost": 1200000,
        "time": 86400,
        "th": 8,
        "n": 3
      },
      {
        "lv": 7,
        "cost": 1400000,
        "time": 108000,
        "th": 9,
        "n": 4
      },
      {
        "lv": 8,
        "cost": 1600000,
        "time": 129600,
        "th": 10,
        "n": 4
      },
      {
        "lv": 9,
        "cost": 2100000,
        "time": 151200,
        "th": 11,
        "n": 4
      },
      {
        "lv": 10,
        "cost": 3000000,
        "time": 172800,
        "th": 12,
        "n": 5
      },
      {
        "lv": 11,
        "cost": 3100000,
        "time": 216000,
        "th": 13,
        "n": 5
      },
      {
        "lv": 12,
        "cost": 3700000,
        "time": 259200,
        "th": 13,
        "n": 5
      },
      {
        "lv": 13,
        "cost": 5100000,
        "time": 345600,
        "th": 14,
        "n": 5
      },
      {
        "lv": 14,
        "cost": 6500000,
        "time": 432000,
        "th": 15,
        "n": 5
      },
      {
        "lv": 15,
        "cost": 8200000,
        "time": 518400,
        "th": 16,
        "n": 5
      },
      {
        "lv": 16,
        "cost": 20500000,
        "time": 1296000,
        "th": 17,
        "n": 5
      }
    ]
  },
  {
    "name": "Bomb Tower",
    "maxLv": 12,
    "lvls": [
      {
        "lv": 1,
        "cost": 700000,
        "time": 43200,
        "th": 8,
        "n": 1
      },
      {
        "lv": 2,
        "cost": 1000000,
        "time": 64800,
        "th": 8,
        "n": 1
      },
      {
        "lv": 3,
        "cost": 1300000,
        "time": 86400,
        "th": 9,
        "n": 1
      },
      {
        "lv": 4,
        "cost": 1800000,
        "time": 129600,
        "th": 10,
        "n": 2
      },
      {
        "lv": 5,
        "cost": 1900000,
        "time": 151200,
        "th": 11,
        "n": 2
      },
      {
        "lv": 6,
        "cost": 2000000,
        "time": 172800,
        "th": 11,
        "n": 2
      },
      {
        "lv": 7,
        "cost": 4000000,
        "time": 259200,
        "th": 12,
        "n": 2
      },
      {
        "lv": 8,
        "cost": 5000000,
        "time": 345600,
        "th": 13,
        "n": 2
      },
      {
        "lv": 9,
        "cost": 6000000,
        "time": 388800,
        "th": 14,
        "n": 2
      },
      {
        "lv": 10,
        "cost": 7000000,
        "time": 432000,
        "th": 15,
        "n": 2
      },
      {
        "lv": 11,
        "cost": 8500000,
        "time": 561600,
        "th": 16,
        "n": 2
      },
      {
        "lv": 12,
        "cost": 20000000,
        "time": 1296000,
        "th": 17,
        "n": 2
      }
    ]
  },
  {
    "name": "X-Bow",
    "maxLv": 12,
    "lvls": [
      {
        "lv": 1,
        "cost": 1000000,
        "time": 43200,
        "th": 9,
        "n": 2
      },
      {
        "lv": 2,
        "cost": 1200000,
        "time": 86400,
        "th": 9,
        "n": 2
      },
      {
        "lv": 3,
        "cost": 2400000,
        "time": 172800,
        "th": 9,
        "n": 2
      },
      {
        "lv": 4,
        "cost": 2500000,
        "time": 259200,
        "th": 10,
        "n": 3
      },
      {
        "lv": 5,
        "cost": 3900000,
        "time": 302400,
        "th": 11,
        "n": 4
      },
      {
        "lv": 6,
        "cost": 5000000,
        "time": 345600,
        "th": 12,
        "n": 4
      },
      {
        "lv": 7,
        "cost": 6000000,
        "time": 388800,
        "th": 13,
        "n": 4
      },
      {
        "lv": 8,
        "cost": 7000000,
        "time": 432000,
        "th": 13,
        "n": 4
      },
      {
        "lv": 9,
        "cost": 9000000,
        "time": 604800,
        "th": 14,
        "n": 4
      },
      {
        "lv": 10,
        "cost": 9500000,
        "time": 626400,
        "th": 15,
        "n": 4
      },
      {
        "lv": 11,
        "cost": 10000000,
        "time": 648000,
        "th": 16,
        "n": 4
      },
      {
        "lv": 12,
        "cost": 21500000,
        "time": 1339200,
        "th": 17,
        "n": 4
      }
    ]
  },
  {
    "name": "Inferno Tower",
    "maxLv": 11,
    "lvls": [
      {
        "lv": 1,
        "cost": 1000000,
        "time": 43200,
        "th": 10,
        "n": 2
      },
      {
        "lv": 2,
        "cost": 1200000,
        "time": 86400,
        "th": 10,
        "n": 2
      },
      {
        "lv": 3,
        "cost": 2400000,
        "time": 172800,
        "th": 10,
        "n": 2
      },
      {
        "lv": 4,
        "cost": 3400000,
        "time": 216000,
        "th": 11,
        "n": 2
      },
      {
        "lv": 5,
        "cost": 4200000,
        "time": 259200,
        "th": 11,
        "n": 2
      },
      {
        "lv": 6,
        "cost": 6000000,
        "time": 432000,
        "th": 12,
        "n": 3
      },
      {
        "lv": 7,
        "cost": 8000000,
        "time": 604800,
        "th": 13,
        "n": 3
      },
      {
        "lv": 8,
        "cost": 9500000,
        "time": 648000,
        "th": 14,
        "n": 3
      },
      {
        "lv": 9,
        "cost": 10000000,
        "time": 669600,
        "th": 15,
        "n": 3
      },
      {
        "lv": 10,
        "cost": 11000000,
        "time": 691200,
        "th": 16,
        "n": 3
      },
      {
        "lv": 11,
        "cost": 22000000,
        "time": 1339200,
        "th": 17,
        "n": 3
      }
    ]
  },
  {
    "name": "Eagle Artillery",
    "maxLv": 7,
    "lvls": [
      {
        "lv": 1,
        "cost": 5000000,
        "time": 345600,
        "th": 11,
        "n": 1
      },
      {
        "lv": 2,
        "cost": 6000000,
        "time": 432000,
        "th": 11,
        "n": 1
      },
      {
        "lv": 3,
        "cost": 9000000,
        "time": 604800,
        "th": 12,
        "n": 1
      },
      {
        "lv": 4,
        "cost": 10000000,
        "time": 691200,
        "th": 13,
        "n": 1
      },
      {
        "lv": 5,
        "cost": 12000000,
        "time": 777600,
        "th": 14,
        "n": 1
      },
      {
        "lv": 6,
        "cost": 13000000,
        "time": 820800,
        "th": 15,
        "n": 1
      },
      {
        "lv": 7,
        "cost": 14000000,
        "time": 864000,
        "th": 16,
        "n": 1
      }
    ]
  },
  {
    "name": "Scattershot",
    "maxLv": 6,
    "lvls": [
      {
        "lv": 1,
        "cost": 8000000,
        "time": 604800,
        "th": 13,
        "n": 2
      },
      {
        "lv": 2,
        "cost": 9000000,
        "time": 691200,
        "th": 13,
        "n": 2
      },
      {
        "lv": 3,
        "cost": 11000000,
        "time": 734400,
        "th": 14,
        "n": 2
      },
      {
        "lv": 4,
        "cost": 11500000,
        "time": 756000,
        "th": 15,
        "n": 2
      },
      {
        "lv": 5,
        "cost": 12000000,
        "time": 777600,
        "th": 16,
        "n": 2
      },
      {
        "lv": 6,
        "cost": 22500000,
        "time": 1360800,
        "th": 17,
        "n": 2
      }
    ]
  },
  {
    "name": "Builder's Hut",
    "maxLv": 7,
    "lvls": [
      {
        "lv": 1,
        "cost": 0,
        "time": 0,
        "th": 1,
        "n": 5
      },
      {
        "lv": 2,
        "cost": 4000000,
        "time": 259200,
        "th": 14,
        "n": 5
      },
      {
        "lv": 3,
        "cost": 5000000,
        "time": 345600,
        "th": 14,
        "n": 5
      },
      {
        "lv": 4,
        "cost": 7000000,
        "time": 432000,
        "th": 14,
        "n": 5
      },
      {
        "lv": 5,
        "cost": 8000000,
        "time": 518400,
        "th": 15,
        "n": 5
      },
      {
        "lv": 6,
        "cost": 9000000,
        "time": 604800,
        "th": 16,
        "n": 5
      },
      {
        "lv": 7,
        "cost": 21000000,
        "time": 1317600,
        "th": 17,
        "n": 5
      }
    ]
  },
  {
    "name": "Spell Tower",
    "maxLv": 3,
    "lvls": [
      {
        "lv": 1,
        "cost": 9000000,
        "time": 604800,
        "th": 15,
        "n": 2
      },
      {
        "lv": 2,
        "cost": 11000000,
        "time": 691200,
        "th": 15,
        "n": 2
      },
      {
        "lv": 3,
        "cost": 12000000,
        "time": 777600,
        "th": 15,
        "n": 2
      }
    ]
  },
  {
    "name": "Monolith",
    "maxLv": 4,
    "lvls": [
      {
        "lv": 1,
        "cost": 200000,
        "time": 604800,
        "th": 15,
        "n": 1
      },
      {
        "lv": 2,
        "cost": 250000,
        "time": 691200,
        "th": 15,
        "n": 1
      },
      {
        "lv": 3,
        "cost": 260000,
        "time": 777600,
        "th": 16,
        "n": 1
      },
      {
        "lv": 4,
        "cost": 300000,
        "time": 1360800,
        "th": 17,
        "n": 1
      }
    ]
  },
  {
    "name": "Multi-Archer Tower",
    "maxLv": 3,
    "lvls": [
      {
        "lv": 1,
        "cost": 12000000,
        "time": 777600,
        "th": 16,
        "n": 2
      },
      {
        "lv": 2,
        "cost": 13000000,
        "time": 864000,
        "th": 16,
        "n": 2
      },
      {
        "lv": 3,
        "cost": 23000000,
        "time": 1339200,
        "th": 17,
        "n": 3
      }
    ]
  },
  {
    "name": "Ricochet Cannon",
    "maxLv": 3,
    "lvls": [
      {
        "lv": 1,
        "cost": 12000000,
        "time": 777600,
        "th": 16,
        "n": 2
      },
      {
        "lv": 2,
        "cost": 13000000,
        "time": 864000,
        "th": 16,
        "n": 2
      },
      {
        "lv": 3,
        "cost": 23000000,
        "time": 1339200,
        "th": 17,
        "n": 3
      }
    ]
  },
  {
    "name": "Multi-Gear Tower",
    "maxLv": 2,
    "lvls": [
      {
        "lv": 1,
        "cost": 22500000,
        "time": 1296000,
        "th": 17,
        "n": 1
      },
      {
        "lv": 2,
        "cost": 23000000,
        "time": 1382400,
        "th": 17,
        "n": 1
      }
    ]
  },
  {
    "name": "Firespitter",
    "maxLv": 2,
    "lvls": [
      {
        "lv": 1,
        "cost": 12000000,
        "time": 518400,
        "th": 17,
        "n": 2
      },
      {
        "lv": 2,
        "cost": 10000000,
        "time": 604800,
        "th": 17,
        "n": 2
      }
    ]
  },
  {
    "name": "Bomb",
    "maxLv": 13,
    "lvls": [
      {
        "lv": 1,
        "cost": 400,
        "time": 0,
        "th": 3,
        "n": 2
      },
      {
        "lv": 2,
        "cost": 1000,
        "time": 360,
        "th": 3,
        "n": 2
      },
      {
        "lv": 3,
        "cost": 10000,
        "time": 1200,
        "th": 5,
        "n": 4
      },
      {
        "lv": 4,
        "cost": 40000,
        "time": 2400,
        "th": 7,
        "n": 6
      },
      {
        "lv": 5,
        "cost": 100000,
        "time": 3600,
        "th": 8,
        "n": 6
      },
      {
        "lv": 6,
        "cost": 230000,
        "time": 10800,
        "th": 9,
        "n": 6
      },
      {
        "lv": 7,
        "cost": 330000,
        "time": 18000,
        "th": 10,
        "n": 6
      },
      {
        "lv": 8,
        "cost": 500000,
        "time": 21600,
        "th": 11,
        "n": 6
      },
      {
        "lv": 9,
        "cost": 750000,
        "time": 43200,
        "th": 13,
        "n": 7
      },
      {
        "lv": 10,
        "cost": 1300000,
        "time": 86400,
        "th": 14,
        "n": 8
      },
      {
        "lv": 11,
        "cost": 2500000,
        "time": 172800,
        "th": 15,
        "n": 8
      },
      {
        "lv": 12,
        "cost": 4000000,
        "time": 259200,
        "th": 16,
        "n": 8
      },
      {
        "lv": 13,
        "cost": 10000000,
        "time": 691200,
        "th": 17,
        "n": 8
      }
    ]
  },
  {
    "name": "Spring Trap",
    "maxLv": 5,
    "lvls": [
      {
        "lv": 1,
        "cost": 2000,
        "time": 0,
        "th": 4,
        "n": 2
      },
      {
        "lv": 2,
        "cost": 130000,
        "time": 7200,
        "th": 7,
        "n": 4
      },
      {
        "lv": 3,
        "cost": 240000,
        "time": 14400,
        "th": 8,
        "n": 6
      },
      {
        "lv": 4,
        "cost": 350000,
        "time": 21600,
        "th": 9,
        "n": 6
      },
      {
        "lv": 5,
        "cost": 800000,
        "time": 43200,
        "th": 10,
        "n": 6
      }
    ]
  },
  {
    "name": "Giant Bomb",
    "maxLv": 11,
    "lvls": [
      {
        "lv": 1,
        "cost": 12500,
        "time": 0,
        "th": 6,
        "n": 1
      },
      {
        "lv": 2,
        "cost": 75000,
        "time": 3600,
        "th": 6,
        "n": 1
      },
      {
        "lv": 3,
        "cost": 220000,
        "time": 10800,
        "th": 8,
        "n": 3
      },
      {
        "lv": 4,
        "cost": 750000,
        "time": 28800,
        "th": 10,
        "n": 5
      },
      {
        "lv": 5,
        "cost": 900000,
        "time": 36000,
        "th": 11,
        "n": 5
      },
      {
        "lv": 6,
        "cost": 1300000,
        "time": 39600,
        "th": 13,
        "n": 6
      },
      {
        "lv": 7,
        "cost": 1500000,
        "time": 43200,
        "th": 13,
        "n": 6
      },
      {
        "lv": 8,
        "cost": 2500000,
        "time": 172800,
        "th": 14,
        "n": 7
      },
      {
        "lv": 9,
        "cost": 4000000,
        "time": 259200,
        "th": 15,
        "n": 7
      },
      {
        "lv": 10,
        "cost": 5500000,
        "time": 345600,
        "th": 16,
        "n": 7
      },
      {
        "lv": 11,
        "cost": 12000000,
        "time": 777600,
        "th": 17,
        "n": 8
      }
    ]
  },
  {
    "name": "Air Bomb",
    "maxLv": 12,
    "lvls": [
      {
        "lv": 1,
        "cost": 4000,
        "time": 0,
        "th": 5,
        "n": 2
      },
      {
        "lv": 2,
        "cost": 20000,
        "time": 1800,
        "th": 5,
        "n": 2
      },
      {
        "lv": 3,
        "cost": 75000,
        "time": 3600,
        "th": 7,
        "n": 2
      },
      {
        "lv": 4,
        "cost": 300000,
        "time": 14400,
        "th": 9,
        "n": 4
      },
      {
        "lv": 5,
        "cost": 550000,
        "time": 28800,
        "th": 11,
        "n": 5
      },
      {
        "lv": 6,
        "cost": 800000,
        "time": 43200,
        "th": 12,
        "n": 6
      },
      {
        "lv": 7,
        "cost": 1000000,
        "time": 64800,
        "th": 13,
        "n": 6
      },
      {
        "lv": 8,
        "cost": 1200000,
        "time": 86400,
        "th": 13,
        "n": 6
      },
      {
        "lv": 9,
        "cost": 2000000,
        "time": 129600,
        "th": 14,
        "n": 7
      },
      {
        "lv": 10,
        "cost": 3000000,
        "time": 172800,
        "th": 15,
        "n": 7
      },
      {
        "lv": 11,
        "cost": 5000000,
        "time": 259200,
        "th": 16,
        "n": 7
      },
      {
        "lv": 12,
        "cost": 11000000,
        "time": 734400,
        "th": 17,
        "n": 7
      }
    ]
  },
  {
    "name": "Seeking Air Mine",
    "maxLv": 7,
    "lvls": [
      {
        "lv": 1,
        "cost": 12000,
        "time": 0,
        "th": 7,
        "n": 1
      },
      {
        "lv": 2,
        "cost": 600000,
        "time": 43200,
        "th": 9,
        "n": 4
      },
      {
        "lv": 3,
        "cost": 1200000,
        "time": 86400,
        "th": 10,
        "n": 5
      },
      {
        "lv": 4,
        "cost": 2500000,
        "time": 172800,
        "th": 13,
        "n": 7
      },
      {
        "lv": 5,
        "cost": 5000000,
        "time": 345600,
        "th": 15,
        "n": 8
      },
      {
        "lv": 6,
        "cost": 6500000,
        "time": 432000,
        "th": 16,
        "n": 8
      },
      {
        "lv": 7,
        "cost": 14000000,
        "time": 864000,
        "th": 17,
        "n": 8
      }
    ]
  },
  {
    "name": "Skeleton Trap",
    "maxLv": 4,
    "lvls": [
      {
        "lv": 1,
        "cost": 6000,
        "time": 0,
        "th": 8,
        "n": 2
      },
      {
        "lv": 2,
        "cost": 250000,
        "time": 18000,
        "th": 8,
        "n": 2
      },
      {
        "lv": 3,
        "cost": 400000,
        "time": 28800,
        "th": 9,
        "n": 2
      },
      {
        "lv": 4,
        "cost": 1000000,
        "time": 43200,
        "th": 10,
        "n": 3
      }
    ]
  },
  {
    "name": "Tornado Trap",
    "maxLv": 3,
    "lvls": [
      {
        "lv": 1,
        "cost": 1800000,
        "time": 0,
        "th": 11,
        "n": 1
      },
      {
        "lv": 2,
        "cost": 2000000,
        "time": 86400,
        "th": 11,
        "n": 1
      },
      {
        "lv": 3,
        "cost": 2500000,
        "time": 172800,
        "th": 12,
        "n": 1
      }
    ]
  },
  {
    "name": "Giga Bomb",
    "maxLv": 3,
    "lvls": [
      {
        "lv": 1,
        "cost": 5000000,
        "time": 0,
        "th": 17,
        "n": 1
      },
      {
        "lv": 2,
        "cost": 10000000,
        "time": 691200,
        "th": 17,
        "n": 1
      },
      {
        "lv": 3,
        "cost": 15000000,
        "time": 864000,
        "th": 17,
        "n": 1
      }
    ]
  },
  {
    "name": "Wall",
    "maxLv": 18,
    "lvls": [
      {
        "lv": 1,
        "cost": 0,
        "time": 0,
        "th": 2,
        "n": 25
      },
      {
        "lv": 2,
        "cost": 1000,
        "time": 0,
        "th": 2,
        "n": 25
      },
      {
        "lv": 3,
        "cost": 5000,
        "time": 0,
        "th": 3,
        "n": 50
      },
      {
        "lv": 4,
        "cost": 10000,
        "time": 0,
        "th": 4,
        "n": 75
      },
      {
        "lv": 5,
        "cost": 20000,
        "time": 0,
        "th": 5,
        "n": 100
      },
      {
        "lv": 6,
        "cost": 30000,
        "time": 0,
        "th": 6,
        "n": 125
      },
      {
        "lv": 7,
        "cost": 50000,
        "time": 0,
        "th": 7,
        "n": 175
      },
      {
        "lv": 8,
        "cost": 75000,
        "time": 0,
        "th": 8,
        "n": 225
      },
      {
        "lv": 9,
        "cost": 100000,
        "time": 0,
        "th": 9,
        "n": 250
      },
      {
        "lv": 10,
        "cost": 200000,
        "time": 0,
        "th": 9,
        "n": 250
      },
      {
        "lv": 11,
        "cost": 500000,
        "time": 0,
        "th": 10,
        "n": 275
      },
      {
        "lv": 12,
        "cost": 1000000,
        "time": 0,
        "th": 11,
        "n": 300
      },
      {
        "lv": 13,
        "cost": 1500000,
        "time": 0,
        "th": 12,
        "n": 300
      },
      {
        "lv": 14,
        "cost": 2000000,
        "time": 0,
        "th": 13,
        "n": 300
      },
      {
        "lv": 15,
        "cost": 3000000,
        "time": 0,
        "th": 14,
        "n": 325
      },
      {
        "lv": 16,
        "cost": 4000000,
        "time": 0,
        "th": 15,
        "n": 325
      },
      {
        "lv": 17,
        "cost": 5000000,
        "time": 0,
        "th": 16,
        "n": 325
      },
      {
        "lv": 18,
        "cost": 8000000,
        "time": 0,
        "th": 17,
        "n": 325
      }
    ]
  },
  {
    "name": "Army Camp",
    "maxLv": 13,
    "lvls": [
      {
        "lv": 1,
        "cost": 200,
        "time": 60,
        "th": 1,
        "n": 1
      },
      {
        "lv": 2,
        "cost": 2000,
        "time": 300,
        "th": 2,
        "n": 1
      },
      {
        "lv": 3,
        "cost": 10000,
        "time": 1800,
        "th": 3,
        "n": 2
      },
      {
        "lv": 4,
        "cost": 100000,
        "time": 7200,
        "th": 4,
        "n": 2
      },
      {
        "lv": 5,
        "cost": 250000,
        "time": 21600,
        "th": 5,
        "n": 3
      },
      {
        "lv": 6,
        "cost": 500000,
        "time": 43200,
        "th": 6,
        "n": 3
      },
      {
        "lv": 7,
        "cost": 1500000,
        "time": 172800,
        "th": 9,
        "n": 4
      },
      {
        "lv": 8,
        "cost": 2500000,
        "time": 259200,
        "th": 10,
        "n": 4
      },
      {
        "lv": 9,
        "cost": 4200000,
        "time": 345600,
        "th": 11,
        "n": 4
      },
      {
        "lv": 10,
        "cost": 4500000,
        "time": 432000,
        "th": 12,
        "n": 4
      },
      {
        "lv": 11,
        "cost": 7500000,
        "time": 518400,
        "th": 13,
        "n": 4
      },
      {
        "lv": 12,
        "cost": 10000000,
        "time": 604800,
        "th": 15,
        "n": 4
      },
      {
        "lv": 13,
        "cost": 21000000,
        "time": 1296000,
        "th": 17,
        "n": 4
      }
    ]
  },
  {
    "name": "Barracks",
    "maxLv": 18,
    "lvls": [
      {
        "lv": 1,
        "cost": 100,
        "time": 10,
        "th": 1,
        "n": 1
      },
      {
        "lv": 2,
        "cost": 500,
        "time": 15,
        "th": 1,
        "n": 1
      },
      {
        "lv": 3,
        "cost": 2500,
        "time": 120,
        "th": 1,
        "n": 1
      },
      {
        "lv": 4,
        "cost": 5000,
        "time": 1800,
        "th": 2,
        "n": 1
      },
      {
        "lv": 5,
        "cost": 20000,
        "time": 7200,
        "th": 3,
        "n": 1
      },
      {
        "lv": 6,
        "cost": 120000,
        "time": 14400,
        "th": 4,
        "n": 1
      },
      {
        "lv": 7,
        "cost": 270000,
        "time": 21600,
        "th": 5,
        "n": 1
      },
      {
        "lv": 8,
        "cost": 600000,
        "time": 43200,
        "th": 6,
        "n": 1
      },
      {
        "lv": 9,
        "cost": 1000000,
        "time": 86400,
        "th": 7,
        "n": 1
      },
      {
        "lv": 10,
        "cost": 1400000,
        "time": 129600,
        "th": 8,
        "n": 1
      },
      {
        "lv": 11,
        "cost": 2600000,
        "time": 172800,
        "th": 9,
        "n": 1
      },
      {
        "lv": 12,
        "cost": 3700000,
        "time": 345600,
        "th": 10,
        "n": 1
      },
      {
        "lv": 13,
        "cost": 6000000,
        "time": 432000,
        "th": 11,
        "n": 1
      },
      {
        "lv": 14,
        "cost": 7000000,
        "time": 604800,
        "th": 12,
        "n": 1
      },
      {
        "lv": 15,
        "cost": 9000000,
        "time": 619200,
        "th": 13,
        "n": 1
      },
      {
        "lv": 16,
        "cost": 11000000,
        "time": 691200,
        "th": 14,
        "n": 1
      },
      {
        "lv": 17,
        "cost": 12600000,
        "time": 777600,
        "th": 15,
        "n": 1
      },
      {
        "lv": 18,
        "cost": 15000000,
        "time": 950400,
        "th": 16,
        "n": 1
      }
    ]
  },
  {
    "name": "Dark Barracks",
    "maxLv": 12,
    "lvls": [
      {
        "lv": 1,
        "cost": 200000,
        "time": 28800,
        "th": 7,
        "n": 1
      },
      {
        "lv": 2,
        "cost": 600000,
        "time": 86400,
        "th": 7,
        "n": 1
      },
      {
        "lv": 3,
        "cost": 1000000,
        "time": 129600,
        "th": 8,
        "n": 1
      },
      {
        "lv": 4,
        "cost": 1600000,
        "time": 172800,
        "th": 8,
        "n": 1
      },
      {
        "lv": 5,
        "cost": 2200000,
        "time": 216000,
        "th": 9,
        "n": 1
      },
      {
        "lv": 6,
        "cost": 2900000,
        "time": 259200,
        "th": 9,
        "n": 1
      },
      {
        "lv": 7,
        "cost": 4000000,
        "time": 432000,
        "th": 10,
        "n": 1
      },
      {
        "lv": 8,
        "cost": 7000000,
        "time": 518400,
        "th": 11,
        "n": 1
      },
      {
        "lv": 9,
        "cost": 7200000,
        "time": 604800,
        "th": 12,
        "n": 1
      },
      {
        "lv": 10,
        "cost": 10000000,
        "time": 691200,
        "th": 13,
        "n": 1
      },
      {
        "lv": 11,
        "cost": 12000000,
        "time": 777600,
        "th": 14,
        "n": 1
      },
      {
        "lv": 12,
        "cost": 20000000,
        "time": 1036800,
        "th": 15,
        "n": 1
      }
    ]
  },
  {
    "name": "Laboratory",
    "maxLv": 15,
    "lvls": [
      {
        "lv": 1,
        "cost": 5000,
        "time": 60,
        "th": 3,
        "n": 1
      },
      {
        "lv": 2,
        "cost": 25000,
        "time": 1800,
        "th": 4,
        "n": 1
      },
      {
        "lv": 3,
        "cost": 50000,
        "time": 7200,
        "th": 5,
        "n": 1
      },
      {
        "lv": 4,
        "cost": 100000,
        "time": 14400,
        "th": 6,
        "n": 1
      },
      {
        "lv": 5,
        "cost": 200000,
        "time": 28800,
        "th": 7,
        "n": 1
      },
      {
        "lv": 6,
        "cost": 400000,
        "time": 57600,
        "th": 8,
        "n": 1
      },
      {
        "lv": 7,
        "cost": 800000,
        "time": 86400,
        "th": 9,
        "n": 1
      },
      {
        "lv": 8,
        "cost": 1300000,
        "time": 151200,
        "th": 10,
        "n": 1
      },
      {
        "lv": 9,
        "cost": 2100000,
        "time": 237600,
        "th": 11,
        "n": 1
      },
      {
        "lv": 10,
        "cost": 3800000,
        "time": 345600,
        "th": 12,
        "n": 1
      },
      {
        "lv": 11,
        "cost": 5500000,
        "time": 518400,
        "th": 13,
        "n": 1
      },
      {
        "lv": 12,
        "cost": 8100000,
        "time": 604800,
        "th": 14,
        "n": 1
      },
      {
        "lv": 13,
        "cost": 10800000,
        "time": 691200,
        "th": 15,
        "n": 1
      },
      {
        "lv": 14,
        "cost": 13000000,
        "time": 777600,
        "th": 16,
        "n": 1
      },
      {
        "lv": 15,
        "cost": 20000000,
        "time": 1382400,
        "th": 17,
        "n": 1
      }
    ]
  },
  {
    "name": "Spell Factory",
    "maxLv": 8,
    "lvls": [
      {
        "lv": 1,
        "cost": 150000,
        "time": 21600,
        "th": 5,
        "n": 1
      },
      {
        "lv": 2,
        "cost": 300000,
        "time": 43200,
        "th": 6,
        "n": 1
      },
      {
        "lv": 3,
        "cost": 600000,
        "time": 86400,
        "th": 7,
        "n": 1
      },
      {
        "lv": 4,
        "cost": 1200000,
        "time": 172800,
        "th": 9,
        "n": 1
      },
      {
        "lv": 5,
        "cost": 2000000,
        "time": 259200,
        "th": 10,
        "n": 1
      },
      {
        "lv": 6,
        "cost": 3500000,
        "time": 432000,
        "th": 11,
        "n": 1
      },
      {
        "lv": 7,
        "cost": 9000000,
        "time": 604800,
        "th": 13,
        "n": 1
      },
      {
        "lv": 8,
        "cost": 14000000,
        "time": 691200,
        "th": 15,
        "n": 1
      }
    ]
  },
  {
    "name": "Hero Hall",
    "maxLv": 11,
    "lvls": [
      {
        "lv": 1,
        "cost": 800000,
        "time": 86400,
        "th": 7,
        "n": 1
      },
      {
        "lv": 2,
        "cost": 1600000,
        "time": 172800,
        "th": 8,
        "n": 1
      },
      {
        "lv": 3,
        "cost": 2300000,
        "time": 259200,
        "th": 9,
        "n": 1
      },
      {
        "lv": 4,
        "cost": 3000000,
        "time": 432000,
        "th": 10,
        "n": 1
      },
      {
        "lv": 5,
        "cost": 5000000,
        "time": 518400,
        "th": 11,
        "n": 1
      },
      {
        "lv": 6,
        "cost": 6000000,
        "time": 604800,
        "th": 12,
        "n": 1
      },
      {
        "lv": 7,
        "cost": 9000000,
        "time": 648000,
        "th": 13,
        "n": 1
      },
      {
        "lv": 8,
        "cost": 10000000,
        "time": 669600,
        "th": 14,
        "n": 1
      },
      {
        "lv": 9,
        "cost": 12000000,
        "time": 691200,
        "th": 15,
        "n": 1
      },
      {
        "lv": 10,
        "cost": 14000000,
        "time": 777600,
        "th": 16,
        "n": 1
      },
      {
        "lv": 11,
        "cost": 21000000,
        "time": 1339200,
        "th": 17,
        "n": 1
      }
    ]
  },
  {
    "name": "Hero Banner",
    "maxLv": null,
    "lvls": [
      {
        "lv": null,
        "cost": 0,
        "time": 0,
        "th": null
      },
      {
        "lv": null,
        "cost": 0,
        "time": 0,
        "th": null
      }
    ]
  },
  {
    "name": "Dark Spell Factory",
    "maxLv": 6,
    "lvls": [
      {
        "lv": 1,
        "cost": 130000,
        "time": 21600,
        "th": 8,
        "n": 1
      },
      {
        "lv": 2,
        "cost": 260000,
        "time": 43200,
        "th": 8,
        "n": 1
      },
      {
        "lv": 3,
        "cost": 600000,
        "time": 172800,
        "th": 9,
        "n": 1
      },
      {
        "lv": 4,
        "cost": 1200000,
        "time": 345600,
        "th": 9,
        "n": 1
      },
      {
        "lv": 5,
        "cost": 2500000,
        "time": 432000,
        "th": 10,
        "n": 1
      },
      {
        "lv": 6,
        "cost": 4000000,
        "time": 518400,
        "th": 12,
        "n": 1
      }
    ]
  },
  {
    "name": "Blacksmith",
    "maxLv": 9,
    "lvls": [
      {
        "lv": 1,
        "cost": 600000,
        "time": 43200,
        "th": 8,
        "n": 1
      },
      {
        "lv": 2,
        "cost": 1200000,
        "time": 86400,
        "th": 9,
        "n": 1
      },
      {
        "lv": 3,
        "cost": 2300000,
        "time": 172800,
        "th": 10,
        "n": 1
      },
      {
        "lv": 4,
        "cost": 3000000,
        "time": 259200,
        "th": 11,
        "n": 1
      },
      {
        "lv": 5,
        "cost": 5000000,
        "time": 345600,
        "th": 12,
        "n": 1
      },
      {
        "lv": 6,
        "cost": 6200000,
        "time": 432000,
        "th": 13,
        "n": 1
      },
      {
        "lv": 7,
        "cost": 9200000,
        "time": 604800,
        "th": 14,
        "n": 1
      },
      {
        "lv": 8,
        "cost": 10000000,
        "time": 626400,
        "th": 15,
        "n": 1
      },
      {
        "lv": 9,
        "cost": 11000000,
        "time": 691200,
        "th": 16,
        "n": 1
      }
    ]
  },
  {
    "name": "Workshop",
    "maxLv": 8,
    "lvls": [
      {
        "lv": 1,
        "cost": 2400000,
        "time": 172800,
        "th": 12,
        "n": 1
      },
      {
        "lv": 2,
        "cost": 3700000,
        "time": 259200,
        "th": 12,
        "n": 1
      },
      {
        "lv": 3,
        "cost": 5000000,
        "time": 345600,
        "th": 12,
        "n": 1
      },
      {
        "lv": 4,
        "cost": 8700000,
        "time": 604800,
        "th": 13,
        "n": 1
      },
      {
        "lv": 5,
        "cost": 9000000,
        "time": 626400,
        "th": 13,
        "n": 1
      },
      {
        "lv": 6,
        "cost": 10000000,
        "time": 648000,
        "th": 14,
        "n": 1
      },
      {
        "lv": 7,
        "cost": 11000000,
        "time": 669600,
        "th": 15,
        "n": 1
      },
      {
        "lv": 8,
        "cost": 13000000,
        "time": 691200,
        "th": 16,
        "n": 1
      }
    ]
  },
  {
    "name": "Pet House",
    "maxLv": 11,
    "lvls": [
      {
        "lv": 1,
        "cost": 3000000,
        "time": 172800,
        "th": 14,
        "n": 1
      },
      {
        "lv": 2,
        "cost": 4000000,
        "time": 259200,
        "th": 14,
        "n": 1
      },
      {
        "lv": 3,
        "cost": 5000000,
        "time": 302400,
        "th": 14,
        "n": 1
      },
      {
        "lv": 4,
        "cost": 6000000,
        "time": 345600,
        "th": 14,
        "n": 1
      },
      {
        "lv": 5,
        "cost": 7000000,
        "time": 432000,
        "th": 15,
        "n": 1
      },
      {
        "lv": 6,
        "cost": 8000000,
        "time": 475200,
        "th": 15,
        "n": 1
      },
      {
        "lv": 7,
        "cost": 9000000,
        "time": 518400,
        "th": 15,
        "n": 1
      },
      {
        "lv": 8,
        "cost": 10000000,
        "time": 604800,
        "th": 15,
        "n": 1
      },
      {
        "lv": 9,
        "cost": 11000000,
        "time": 648000,
        "th": 16,
        "n": 1
      },
      {
        "lv": 10,
        "cost": 12000000,
        "time": 691200,
        "th": 16,
        "n": 1
      },
      {
        "lv": 11,
        "cost": 22000000,
        "time": 1339200,
        "th": 17,
        "n": 1
      }
    ]
  },
  {
    "name": "Town Hall",
    "maxLv": 17,
    "lvls": [
      {
        "lv": 1,
        "cost": 0,
        "time": 0,
        "th": 1,
        "n": 1
      },
      {
        "lv": 2,
        "cost": 1000,
        "time": 10,
        "th": 2,
        "n": 1
      },
      {
        "lv": 3,
        "cost": 4000,
        "time": 1800,
        "th": 3,
        "n": 1
      },
      {
        "lv": 4,
        "cost": 25000,
        "time": 10800,
        "th": 4,
        "n": 1
      },
      {
        "lv": 5,
        "cost": 150000,
        "time": 21600,
        "th": 5,
        "n": 1
      },
      {
        "lv": 6,
        "cost": 500000,
        "time": 43200,
        "th": 6,
        "n": 1
      },
      {
        "lv": 7,
        "cost": 1000000,
        "time": 64800,
        "th": 7,
        "n": 1
      },
      {
        "lv": 8,
        "cost": 2000000,
        "time": 86400,
        "th": 8,
        "n": 1
      },
      {
        "lv": 9,
        "cost": 2500000,
        "time": 172800,
        "th": 9,
        "n": 1
      },
      {
        "lv": 10,
        "cost": 3500000,
        "time": 259200,
        "th": 10,
        "n": 1
      },
      {
        "lv": 11,
        "cost": 4000000,
        "time": 432000,
        "th": 11,
        "n": 1
      },
      {
        "lv": 12,
        "cost": 6000000,
        "time": 518400,
        "th": 12,
        "n": 1
      },
      {
        "lv": 13,
        "cost": 9000000,
        "time": 648000,
        "th": 13,
        "n": 1
      },
      {
        "lv": 14,
        "cost": 12000000,
        "time": 777600,
        "th": 14,
        "n": 1
      },
      {
        "lv": 15,
        "cost": 13000000,
        "time": 864000,
        "th": 15,
        "n": 1
      },
      {
        "lv": 16,
        "cost": 16000000,
        "time": 950400,
        "th": 16,
        "n": 1
      },
      {
        "lv": 17,
        "cost": 16000000,
        "time": 1036800,
        "th": 17,
        "n": 1
      }
    ]
  },
  {
    "name": "Gold Mine",
    "maxLv": 16,
    "lvls": [
      {
        "lv": 1,
        "cost": 150,
        "time": 5,
        "th": 1,
        "n": 1
      },
      {
        "lv": 2,
        "cost": 300,
        "time": 15,
        "th": 1,
        "n": 1
      },
      {
        "lv": 3,
        "cost": 700,
        "time": 60,
        "th": 2,
        "n": 2
      },
      {
        "lv": 4,
        "cost": 1400,
        "time": 120,
        "th": 2,
        "n": 2
      },
      {
        "lv": 5,
        "cost": 3000,
        "time": 300,
        "th": 3,
        "n": 3
      },
      {
        "lv": 6,
        "cost": 7000,
        "time": 900,
        "th": 3,
        "n": 3
      },
      {
        "lv": 7,
        "cost": 14000,
        "time": 1800,
        "th": 4,
        "n": 4
      },
      {
        "lv": 8,
        "cost": 28000,
        "time": 3600,
        "th": 4,
        "n": 4
      },
      {
        "lv": 9,
        "cost": 56000,
        "time": 7200,
        "th": 5,
        "n": 5
      },
      {
        "lv": 10,
        "cost": 75000,
        "time": 10800,
        "th": 5,
        "n": 5
      },
      {
        "lv": 11,
        "cost": 85000,
        "time": 14400,
        "th": 7,
        "n": 6
      },
      {
        "lv": 12,
        "cost": 170000,
        "time": 21600,
        "th": 8,
        "n": 6
      },
      {
        "lv": 13,
        "cost": 400000,
        "time": 28800,
        "th": 10,
        "n": 7
      },
      {
        "lv": 14,
        "cost": 800000,
        "time": 43200,
        "th": 11,
        "n": 7
      },
      {
        "lv": 15,
        "cost": 1200000,
        "time": 86400,
        "th": 12,
        "n": 7
      },
      {
        "lv": 16,
        "cost": 2000000,
        "time": 172800,
        "th": 14,
        "n": 7
      }
    ]
  },
  {
    "name": "Elixir Collector",
    "maxLv": 16,
    "lvls": [
      {
        "lv": 1,
        "cost": 150,
        "time": 5,
        "th": 1,
        "n": 1
      },
      {
        "lv": 2,
        "cost": 300,
        "time": 15,
        "th": 1,
        "n": 1
      },
      {
        "lv": 3,
        "cost": 700,
        "time": 60,
        "th": 2,
        "n": 2
      },
      {
        "lv": 4,
        "cost": 1400,
        "time": 120,
        "th": 2,
        "n": 2
      },
      {
        "lv": 5,
        "cost": 3000,
        "time": 300,
        "th": 3,
        "n": 3
      },
      {
        "lv": 6,
        "cost": 7000,
        "time": 900,
        "th": 3,
        "n": 3
      },
      {
        "lv": 7,
        "cost": 14000,
        "time": 1800,
        "th": 4,
        "n": 4
      },
      {
        "lv": 8,
        "cost": 28000,
        "time": 3600,
        "th": 4,
        "n": 4
      },
      {
        "lv": 9,
        "cost": 56000,
        "time": 7200,
        "th": 5,
        "n": 5
      },
      {
        "lv": 10,
        "cost": 75000,
        "time": 10800,
        "th": 5,
        "n": 5
      },
      {
        "lv": 11,
        "cost": 85000,
        "time": 14400,
        "th": 7,
        "n": 6
      },
      {
        "lv": 12,
        "cost": 170000,
        "time": 21600,
        "th": 8,
        "n": 6
      },
      {
        "lv": 13,
        "cost": 400000,
        "time": 28800,
        "th": 10,
        "n": 7
      },
      {
        "lv": 14,
        "cost": 800000,
        "time": 43200,
        "th": 11,
        "n": 7
      },
      {
        "lv": 15,
        "cost": 1200000,
        "time": 86400,
        "th": 12,
        "n": 7
      },
      {
        "lv": 16,
        "cost": 2000000,
        "time": 172800,
        "th": 14,
        "n": 7
      }
    ]
  },
  {
    "name": "Gold Storage",
    "maxLv": 18,
    "lvls": [
      {
        "lv": 1,
        "cost": 300,
        "time": 10,
        "th": 1,
        "n": 1
      },
      {
        "lv": 2,
        "cost": 750,
        "time": 120,
        "th": 2,
        "n": 1
      },
      {
        "lv": 3,
        "cost": 1500,
        "time": 300,
        "th": 2,
        "n": 1
      },
      {
        "lv": 4,
        "cost": 3000,
        "time": 900,
        "th": 3,
        "n": 2
      },
      {
        "lv": 5,
        "cost": 6000,
        "time": 1800,
        "th": 3,
        "n": 2
      },
      {
        "lv": 6,
        "cost": 12000,
        "time": 3600,
        "th": 3,
        "n": 2
      },
      {
        "lv": 7,
        "cost": 25000,
        "time": 7200,
        "th": 4,
        "n": 2
      },
      {
        "lv": 8,
        "cost": 50000,
        "time": 10800,
        "th": 4,
        "n": 2
      },
      {
        "lv": 9,
        "cost": 100000,
        "time": 14400,
        "th": 5,
        "n": 2
      },
      {
        "lv": 10,
        "cost": 250000,
        "time": 18000,
        "th": 6,
        "n": 2
      },
      {
        "lv": 11,
        "cost": 500000,
        "time": 21600,
        "th": 7,
        "n": 2
      },
      {
        "lv": 12,
        "cost": 1000000,
        "time": 43200,
        "th": 11,
        "n": 4
      },
      {
        "lv": 13,
        "cost": 1800000,
        "time": 86400,
        "th": 12,
        "n": 4
      },
      {
        "lv": 14,
        "cost": 2800000,
        "time": 172800,
        "th": 13,
        "n": 4
      },
      {
        "lv": 15,
        "cost": 3000000,
        "time": 259200,
        "th": 14,
        "n": 4
      },
      {
        "lv": 16,
        "cost": 4000000,
        "time": 345600,
        "th": 15,
        "n": 4
      },
      {
        "lv": 17,
        "cost": 5500000,
        "time": 432000,
        "th": 16,
        "n": 4
      },
      {
        "lv": 18,
        "cost": 10000000,
        "time": 1080000,
        "th": 17,
        "n": 4
      }
    ]
  },
  {
    "name": "Elixir Storage",
    "maxLv": 18,
    "lvls": [
      {
        "lv": 1,
        "cost": 300,
        "time": 10,
        "th": 1,
        "n": 1
      },
      {
        "lv": 2,
        "cost": 750,
        "time": 120,
        "th": 2,
        "n": 1
      },
      {
        "lv": 3,
        "cost": 1500,
        "time": 300,
        "th": 2,
        "n": 1
      },
      {
        "lv": 4,
        "cost": 3000,
        "time": 900,
        "th": 3,
        "n": 2
      },
      {
        "lv": 5,
        "cost": 6000,
        "time": 1800,
        "th": 3,
        "n": 2
      },
      {
        "lv": 6,
        "cost": 12000,
        "time": 3600,
        "th": 3,
        "n": 2
      },
      {
        "lv": 7,
        "cost": 25000,
        "time": 7200,
        "th": 4,
        "n": 2
      },
      {
        "lv": 8,
        "cost": 50000,
        "time": 10800,
        "th": 4,
        "n": 2
      },
      {
        "lv": 9,
        "cost": 100000,
        "time": 14400,
        "th": 5,
        "n": 2
      },
      {
        "lv": 10,
        "cost": 250000,
        "time": 18000,
        "th": 6,
        "n": 2
      },
      {
        "lv": 11,
        "cost": 500000,
        "time": 21600,
        "th": 7,
        "n": 2
      },
      {
        "lv": 12,
        "cost": 1000000,
        "time": 43200,
        "th": 11,
        "n": 4
      },
      {
        "lv": 13,
        "cost": 1800000,
        "time": 86400,
        "th": 12,
        "n": 4
      },
      {
        "lv": 14,
        "cost": 2800000,
        "time": 172800,
        "th": 13,
        "n": 4
      },
      {
        "lv": 15,
        "cost": 3000000,
        "time": 259200,
        "th": 14,
        "n": 4
      },
      {
        "lv": 16,
        "cost": 4000000,
        "time": 345600,
        "th": 15,
        "n": 4
      },
      {
        "lv": 17,
        "cost": 5500000,
        "time": 432000,
        "th": 16,
        "n": 4
      },
      {
        "lv": 18,
        "cost": 10000000,
        "time": 1080000,
        "th": 17,
        "n": 4
      }
    ]
  },
  {
    "name": "Dark Elixir Drill",
    "maxLv": 10,
    "lvls": [
      {
        "lv": 1,
        "cost": 180000,
        "time": 14400,
        "th": 7,
        "n": 1
      },
      {
        "lv": 2,
        "cost": 270000,
        "time": 21600,
        "th": 7,
        "n": 1
      },
      {
        "lv": 3,
        "cost": 540000,
        "time": 43200,
        "th": 7,
        "n": 1
      },
      {
        "lv": 4,
        "cost": 900000,
        "time": 64800,
        "th": 9,
        "n": 3
      },
      {
        "lv": 5,
        "cost": 1200000,
        "time": 86400,
        "th": 9,
        "n": 3
      },
      {
        "lv": 6,
        "cost": 1800000,
        "time": 129600,
        "th": 9,
        "n": 3
      },
      {
        "lv": 7,
        "cost": 2100000,
        "time": 151200,
        "th": 10,
        "n": 3
      },
      {
        "lv": 8,
        "cost": 2400000,
        "time": 172800,
        "th": 11,
        "n": 3
      },
      {
        "lv": 9,
        "cost": 3700000,
        "time": 259200,
        "th": 12,
        "n": 3
      },
      {
        "lv": 10,
        "cost": 5300000,
        "time": 345600,
        "th": 14,
        "n": 3
      }
    ]
  },
  {
    "name": "Dark Elixir Storage",
    "maxLv": 12,
    "lvls": [
      {
        "lv": 1,
        "cost": 250000,
        "time": 28800,
        "th": 7,
        "n": 1
      },
      {
        "lv": 2,
        "cost": 500000,
        "time": 57600,
        "th": 7,
        "n": 1
      },
      {
        "lv": 3,
        "cost": 1000000,
        "time": 86400,
        "th": 8,
        "n": 1
      },
      {
        "lv": 4,
        "cost": 1500000,
        "time": 129600,
        "th": 8,
        "n": 1
      },
      {
        "lv": 5,
        "cost": 2000000,
        "time": 144000,
        "th": 9,
        "n": 1
      },
      {
        "lv": 6,
        "cost": 2400000,
        "time": 172800,
        "th": 9,
        "n": 1
      },
      {
        "lv": 7,
        "cost": 3800000,
        "time": 259200,
        "th": 12,
        "n": 1
      },
      {
        "lv": 8,
        "cost": 5400000,
        "time": 388800,
        "th": 13,
        "n": 1
      },
      {
        "lv": 9,
        "cost": 6600000,
        "time": 432000,
        "th": 14,
        "n": 1
      },
      {
        "lv": 10,
        "cost": 8000000,
        "time": 475200,
        "th": 15,
        "n": 1
      },
      {
        "lv": 11,
        "cost": 10000000,
        "time": 518400,
        "th": 16,
        "n": 1
      },
      {
        "lv": 12,
        "cost": 16000000,
        "time": 1296000,
        "th": 17,
        "n": 1
      }
    ]
  },
  {
    "name": "Clan Castle",
    "maxLv": 13,
    "lvls": [
      {
        "lv": 1,
        "cost": 10000,
        "time": 0,
        "th": 2,
        "n": 1
      },
      {
        "lv": 2,
        "cost": 50000,
        "time": 7200,
        "th": 4,
        "n": 1
      },
      {
        "lv": 3,
        "cost": 600000,
        "time": 43200,
        "th": 6,
        "n": 1
      },
      {
        "lv": 4,
        "cost": 1200000,
        "time": 86400,
        "th": 8,
        "n": 1
      },
      {
        "lv": 5,
        "cost": 2000000,
        "time": 129600,
        "th": 9,
        "n": 1
      },
      {
        "lv": 6,
        "cost": 3000000,
        "time": 172800,
        "th": 10,
        "n": 1
      },
      {
        "lv": 7,
        "cost": 5000000,
        "time": 259200,
        "th": 11,
        "n": 1
      },
      {
        "lv": 8,
        "cost": 5000000,
        "time": 345600,
        "th": 12,
        "n": 1
      },
      {
        "lv": 9,
        "cost": 8000000,
        "time": 518400,
        "th": 13,
        "n": 1
      },
      {
        "lv": 10,
        "cost": 10000000,
        "time": 604800,
        "th": 14,
        "n": 1
      },
      {
        "lv": 11,
        "cost": 12000000,
        "time": 691200,
        "th": 15,
        "n": 1
      },
      {
        "lv": 12,
        "cost": 14500000,
        "time": 777600,
        "th": 16,
        "n": 1
      },
      {
        "lv": 13,
        "cost": 20500000,
        "time": 1382400,
        "th": 17,
        "n": 1
      }
    ]
  }
]