{"tfjsVersion":"1.7.4","tmVersion":"2.4.10","packageVersion":"0.8.4-alpha2","packageName":"@teachablemachine/image","timeStamp":"2025-05-06T20:48:05.983Z","userMetadata":{},"modelName":"tm-my-image-model","labels":["air-defense-1","air-defense-10","air-defense-11","air-defense-12","air-defense-13","air-defense-14","air-defense-15","air-defense-2","air-defense-3","air-defense-4","air-defense-5","air-defense-6","air-defense-7","air-defense-8","air-defense-9","air-sweeper-1","air-sweeper-2","air-sweeper-3","air-sweeper-4","air-sweeper-5","air-sweeper-6","air-sweeper-7","bomb-tower-1","bomb-tower-10","bomb-tower-11","bomb-tower-12","bomb-tower-2","bomb-tower-3","bomb-tower-4","bomb-tower-5","bomb-tower-6","bomb-tower-7","bomb-tower-8","bomb-tower-9","eagle-artillery-1","eagle-artillery-2","eagle-artillery-3","eagle-artillery-4","eagle-artillery-5","eagle-artillery-6","eagle-artillery-7","hidden-tesla-1","hidden-tesla-10","hidden-tesla-11","hidden-tesla-12","hidden-tesla-13","hidden-tesla-14","hidden-tesla-15","hidden-tesla-2","hidden-tesla-3","hidden-tesla-4","hidden-tesla-5","hidden-tesla-6","hidden-tesla-7","hidden-tesla-8","hidden-tesla-9","inferno-tower-1","inferno-tower-10","inferno-tower-2","inferno-tower-3","inferno-tower-4","inferno-tower-5","inferno-tower-6","inferno-tower-7","inferno-tower-8","inferno-tower-9","spell-tower-1","spell-tower-2","spell-tower-3","x-bow-1","x-bow-10","x-bow-11","x-bow-2","x-bow-3","x-bow-4","x-bow-5","x-bow-6","x-bow-7","x-bow-8","x-bow-9"],"imageSize":224}