{"tfjsVersion":"1.7.4","tmVersion":"2.4.10","packageVersion":"0.8.4-alpha2","packageName":"@teachablemachine/image","timeStamp":"2025-05-03T03:11:12.455Z","userMetadata":{},"modelName":"tm-my-image-model","labels":["army-camp-1","army-camp-10","army-camp-11","army-camp-12","army-camp-2","army-camp-3","army-camp-4","army-camp-5","army-camp-6","army-camp-7","army-camp-8","army-camp-9","builders-hut-1","builders-hut-2","builders-hut-3","builders-hut-4","builders-hut-5","dark-eldr-1","dark-eldr-10","dark-eldr-2","dark-eldr-3","dark-eldr-4","dark-eldr-5","dark-eldr-6","dark-eldr-7","dark-eldr-8","dark-eldr-9","dark-elixir-storage-10","dark-elixir-storage-3","dark-elixir-storage-4","dark-elixir-storage-5","dark-elixir-storage-6","dark-elixir-storage-7","dark-elixir-storage-8","dark-elixir-storage-9","dark-elst-1","dark-elst-2","elixir-col-1","elixir-col-10","elixir-col-11","elixir-col-12","elixir-col-13","elixir-col-14","elixir-col-15","elixir-col-16","elixir-col-2","elixir-col-3","elixir-col-4","elixir-col-5","elixir-col-6","elixir-col-7","elixir-col-8","elixir-col-9","elixir-st-1","elixir-st-10","elixir-st-11","elixir-st-12","elixir-st-13","elixir-st-14","elixir-st-15","elixir-st-16","elixir-st-2","elixir-st-3","elixir-st-4","elixir-st-5","elixir-st-6","elixir-st-7","elixir-st-8","elixir-st-9","gold-mine-1","gold-mine-10","gold-mine-11","gold-mine-12","gold-mine-13","gold-mine-14","gold-mine-15","gold-mine-16","gold-mine-2","gold-mine-3","gold-mine-4","gold-mine-5","gold-mine-6","gold-mine-7","gold-mine-8","gold-mine-9","gold-st-1","gold-st-10","gold-st-11","gold-st-12","gold-st-13","gold-st-14","gold-st-15","gold-st-16","gold-st-2","gold-st-3","gold-st-4","gold-st-5","gold-st-6","gold-st-7","gold-st-8","gold-st-9","helper-hut-1","hero-hall-1","hero-hall-2","hero-hall-3","hero-hall-4","hero-hall-5","hero-hall-6","hero-hall-7","hero-hall-8","labo-1","labo-10","labo-11","labo-12","labo-2","labo-3","labo-4","labo-5","labo-6","labo-7","labo-8","labo-9"],"imageSize":224}